"tdiorio2323/QUICKPRINTZ","PUBLIC",false,false,"main","2025-09-01T13:29:47Z","2025-09-01T13:29:50Z"
"tdiorio2323/vite-react","PRIVATE",true,false,"main","2025-09-01T06:15:49Z","2025-09-01T06:15:52Z"
"tdiorio2323/fansworld","PUBLIC",false,false,"main","2025-09-01T05:31:26Z","2025-09-01T05:31:30Z"
"tdiorio2323/tdnewauthproject","PUBLIC",false,false,"main","2025-09-01T05:28:50Z","2025-08-31T06:54:16Z"
"tdiorio2323/CANNABISAPP","PUBLIC",false,false,"main","2025-09-01T01:26:03Z","2025-08-31T22:42:12Z"
"tdiorio2323/NEW-CABANA","PUBLIC",false,false,"main","2025-09-01T01:24:55Z","2025-09-01T06:00:07Z"
"tdiorio2323/CABANA","PUBLIC",false,false,"main","2025-08-31T21:44:48Z","2025-08-31T21:44:51Z"
"tdiorio2323/intro-site-for-cabana","PRIVATE",true,false,"main","2025-08-31T21:38:34Z","2025-08-31T21:38:37Z"
"tdiorio2323/characterforge-imagix-4779","PUBLIC",false,false,"main","2025-08-31T05:27:44Z","2025-08-31T05:27:47Z"
"tdiorio2323/TDDDD","PUBLIC",false,false,"main","2025-08-31T04:36:17Z","2025-08-31T04:36:20Z"
"tdiorio2323/sahara","PRIVATE",true,false,"main","2025-08-30T07:07:11Z","2025-08-30T07:07:14Z"
"tdiorio2323/thelibrary","PRIVATE",true,false,"main","2025-08-29T22:24:30Z","2025-08-29T22:24:34Z"
"tdiorio2323/Cabana-Gatsby","PUBLIC",false,false,"main","2025-08-29T10:14:48Z","2025-08-30T22:14:42Z"
"tdiorio2323/okra","PUBLIC",false,false,"main","2025-08-29T09:33:12Z","2025-08-29T09:33:16Z"
"tdiorio2323/signix-flow","PRIVATE",true,false,"main","2025-08-29T06:25:07Z","2025-08-29T06:25:11Z"
"tdiorio2323/td-budd","PUBLIC",false,false,"main","2025-08-29T05:05:10Z","2025-08-29T05:05:14Z"
"tdiorio2323/fortmaner-next-premium","PRIVATE",true,false,"main","2025-08-28T00:21:10Z","2025-08-27T23:36:02Z"
"tdiorio2323/tdstudioscannamenu-47","PRIVATE",true,false,"main","2025-08-25T23:43:30Z","2025-08-25T23:43:33Z"
"tdiorio2323/codingtest","PUBLIC",false,false,"main","2025-08-25T10:56:34Z","2025-08-25T10:56:38Z"
"tdiorio2323/website-6","PRIVATE",true,false,"main","2025-08-23T20:15:35Z","2025-08-23T20:15:39Z"
"tdiorio2323/rubi-platform-builder","PUBLIC",false,false,"main","2025-08-22T16:59:00Z","2025-08-22T16:59:05Z"
"tdiorio2323/td-studios-command-hub","PUBLIC",false,false,"main","2025-08-22T06:07:48Z","2025-08-22T06:05:37Z"
"tdiorio2323/nextjs-boilerplate1222","PRIVATE",true,false,"main","2025-08-21T13:49:07Z","2025-08-21T13:49:22Z"
"tdiorio2323/nextjs-boilerplate7","PRIVATE",true,false,"main","2025-08-21T11:03:46Z","2025-08-21T11:04:02Z"
"tdiorio2323/theviproom","PUBLIC",false,false,"main","2025-08-20T07:18:00Z","2025-08-14T22:39:26Z"
"tdiorio2323/colombia","PUBLIC",false,false,"main","2025-08-20T06:45:50Z","2025-08-20T06:45:53Z"
"tdiorio2323/td-studios-dashboard","PUBLIC",false,false,"main","2025-08-20T02:26:56Z","2025-08-20T02:26:59Z"
"tdiorio2323/CALCOROOFING","PUBLIC",false,false,"","2025-08-19T23:45:42Z","2025-08-19T23:45:42Z"
"tdiorio2323/https-3A-2F-2Fgithub.com-2Ftdiorio2323-2Ffort-maner-threads","PRIVATE",true,false,"main","2025-08-19T23:17:58Z","2025-08-19T23:18:02Z"
"tdiorio2323/fort-maner-threads","PUBLIC",false,false,"main","2025-08-19T19:38:59Z","2025-08-19T22:11:11Z"
"tdiorio2323/brew","PUBLIC",false,false,"main","2025-08-19T18:17:13Z","2025-08-19T18:17:22Z"
"tdiorio2323/anthropic-cookbook","PUBLIC",false,false,"main","2025-08-18T17:59:11Z","2025-08-23T22:26:33Z"
"tdiorio2323/claude-flow","PUBLIC",false,false,"main","2025-08-18T13:04:52Z","2025-08-20T22:07:02Z"
"tdiorio2323/https-github.com-tdiorio2323-nextjs","PRIVATE",true,false,"main","2025-08-17T09:09:12Z","2025-08-17T09:09:15Z"
"tdiorio2323/nextjs","PRIVATE",true,false,"main","2025-08-17T08:49:31Z","2025-08-17T08:49:45Z"
"tdiorio2323/newbagman","PUBLIC",false,false,"","2025-08-17T03:43:21Z","2025-08-17T03:43:21Z"
"tdiorio2323/maison-creator-collective","PRIVATE",true,false,"main","2025-08-16T16:22:40Z","2025-08-16T16:22:43Z"
"tdiorio2323/artifact-library","PUBLIC",false,false,"main","2025-08-15T23:53:52Z","2025-08-15T23:53:55Z"
"tdiorio2323/Tdlovableslide","PRIVATE",true,false,"main","2025-08-14T19:10:35Z","2025-08-14T19:55:40Z"
"tdiorio2323/glass","PRIVATE",true,false,"main","2025-08-09T16:55:41Z","2025-08-09T16:55:45Z"
"tdiorio2323/unmutd","PRIVATE",true,false,"main","2025-08-08T19:24:28Z","2025-08-08T19:24:33Z"
"tdiorio2323/tdstudiosny","PUBLIC",false,false,"main","2025-08-07T15:28:42Z","2025-08-09T18:48:01Z"
"tdiorio2323/thecabana-32-c494bd4c","PRIVATE",true,true,"","2025-08-06T14:03:17Z","2025-08-09T18:48:37Z"
"tdiorio2323/thecabana-32-e7288899","PRIVATE",true,true,"","2025-08-06T14:03:12Z","2025-08-09T18:48:37Z"
"tdiorio2323/thecabana-32","PRIVATE",true,true,"","2025-08-06T14:02:37Z","2025-08-09T18:48:37Z"
"tdiorio2323/bagmanpack-44","PRIVATE",true,true,"main","2025-08-06T00:07:18Z","2025-08-09T18:48:37Z"
"tdiorio2323/bagmantemp","PRIVATE",true,true,"main","2025-08-05T19:48:59Z","2025-08-09T18:48:37Z"
"tdiorio2323/glassmorphism-capture","PUBLIC",false,false,"main","2025-08-05T14:59:33Z","2025-08-09T18:48:01Z"
"tdiorio2323/newest","PUBLIC",false,true,"main","2025-08-05T11:59:01Z","2025-08-09T18:48:37Z"
"tdiorio2323/tiny-artist-boutique-11","PUBLIC",false,true,"main","2025-08-02T05:19:57Z","2025-08-09T18:48:37Z"
"tdiorio2323/re-create-core","PUBLIC",false,false,"main","2025-07-28T17:42:11Z","2025-07-28T17:42:15Z"
"tdiorio2323/nextjs-boilerplate","PRIVATE",true,false,"main","2025-07-28T04:07:34Z","2025-07-28T04:07:48Z"
"tdiorio2323/luxe-glaze-canvas","PRIVATE",true,false,"main","2025-07-25T23:36:39Z","2025-07-25T23:36:42Z"
"tdiorio2323/LOV","PUBLIC",false,false,"main","2025-07-24T00:52:59Z","2025-07-24T00:53:04Z"
"tdiorio2323/psychic-octo-disco","PUBLIC",false,false,"main","2025-07-24T00:47:30Z","2025-07-24T00:47:35Z"
"tdiorio2323/TDNOTION","PUBLIC",false,false,"main","2025-07-23T11:44:11Z","2025-07-23T11:44:15Z"
"tdiorio2323/tdn","PUBLIC",false,true,"","2025-07-23T02:22:28Z","2025-08-09T18:48:37Z"
"tdiorio2323/tyler","PUBLIC",false,true,"","2025-07-22T02:03:07Z","2025-08-09T18:48:37Z"
